{"cameraMode":{"drawMode":0,"name":"Shaded","section":"Shading Mode"},"sceneLighting":false,"audioPlay":false,"sceneViewState":{"showFog":true,"showMaterialUpdate":true,"showSkybox":false,"showFlares":true,"showImageEffects":true,"showParticleSystems":true},"in2DMode":false,"pivot":{"x":8.329999923706055,"y":1.840000033378601,"z":0.039923667907714847},"rotation":{"x":0.07470767945051193,"y":0.913841724395752,"z":-0.19650806486606599,"w":0.34742099046707156},"size":0.866025447845459,"orthographic":false}