{"cameraMode":{"drawMode":0,"name":"Shaded","section":"Shading Mode"},"sceneLighting":false,"audioPlay":false,"sceneViewState":{"showFog":true,"showMaterialUpdate":true,"showSkybox":true,"showFlares":true,"showImageEffects":true,"showParticleSystems":true},"in2DMode":false,"pivot":{"x":59.597381591796878,"y":442.61614990234377,"z":0.0},"rotation":{"x":0.03030463121831417,"y":-0.0060023036785423759,"z":0.00018272640591021627,"w":0.9995251893997192},"size":136.36129760742188,"orthographic":false}