{"cameraMode":{"drawMode":0,"name":"Shaded","section":"Shading Mode"},"sceneLighting":false,"audioPlay":false,"sceneViewState":{"showFog":true,"showMaterialUpdate":false,"showSkybox":false,"showFlares":true,"showImageEffects":true,"showParticleSystems":true},"in2DMode":false,"pivot":{"x":8.329999923706055,"y":1.840000033378601,"z":0.039923667907714847},"rotation":{"x":-0.01980217546224594,"y":-0.0260805431753397,"z":0.0005068553728051484,"w":-0.9994762539863586},"size":0.866025447845459,"orthographic":false}